Acquired Medium google / others,C Ity,Reg at date,Uninstall Date,Usage Days (bin),User ID,Notification Dismiss,Notification Open,Notification Receive,Quiz Count,Session Count,Share Count,Uninstalled,Usage Time,Usertime,Video Count
Normal,,1/7/2019,1/7/2019,0,567,,,1,0,4,,0,0,35522.331,0
Normal,,11/23/2018,10/5/2018,-56,1777,3,4,7,13,16,,0,-49,16251.738,5
Normal,Mumbai,11/22/2018,3/8/2019,84,1778,32,30,279,38,401,49,1,106,48032.113,28
Normal,Mumbai,11/25/2018,8/28/2019,253,1780,227,57,342,87,226,11,1,276,25157.275,49
Normal,,,9/14/2018,,1781,2,,2,8,14,,,,6104.008,4
Normal,Mumbai,11/24/2018,1/18/2019,28,1782,2,1,5,11,76,8,1,55,9646.426,2
Normal,,11/22/2018,,,1783,,,,14,16,,,,1995.352,2
Normal,Mumbai,11/28/2018,7/24/2019,225,1788,2,1,8,84,82,6,1,238,28115.706,67
Normal,Mumbai,3/14/2019,4/8/2019,0,1789,23,,26,10,3,,1,25,1943.991,11
Normal,Mumbai,12/4/2018,,,1791,203,15,473,91,106,1,,,12309.465,45
Normal,,,10/18/2018,,1794,,,,4,4,,,,648.427,2
Normal,Mumbai,12/6/2018,3/5/2019,84,1795,84,1,93,81,105,21,1,89,19537.4,28
Normal,,,11/12/2018,,1799,,,,13,14,1,,,3354.579,15
Normal,,,,,1802,44,1,43,0,4,,,,1851.413,6
Normal,,12/22/2018,1/17/2019,0,1805,20,2,27,65,63,7,1,26,22990.347,11
Normal,,,10/29/2018,,1809,,,,0,,,,,48.914,0
Normal,Mumbai,11/24/2018,12/27/2018,28,1810,4,8,20,65,101,13,1,33,21106.017,28
Normal,,11/23/2018,1/10/2019,28,1813,74,18,94,74,220,6,1,48,35815.944,28
Normal,,11/23/2018,,,1814,,,,11,21,4,,,3751.64,7
Normal,,11/22/2018,1/12/2019,28,1815,10,8,28,23,37,5,1,51,8709.446,24
Normal,,,11/15/2018,,1817,11,1,13,0,2,,,,301.8,39
Normal,,,,,1818,20,4,73,0,7,1,,,268.247,2
Normal,Mumbai,11/23/2018,,,1819,,,,107,37,4,,,13051.634,75
Normal,Mumbai,11/22/2018,,,1834,268,5,365,108,59,5,,,13274.989,12
Normal,,12/3/2018,12/12/2018,0,1903,13,5,18,17,14,1,1,9,1542.896,0
Normal,,,,,1907,47,,56,0,3,,,,146.161,0
Normal,,,11/11/2018,,1908,16,5,21,5,14,,,,914.388,2
Normal,,11/22/2018,,,1914,25,2,28,13,14,5,,,3538.219,14
Normal,,,10/1/2018,,1915,5,1,6,0,1,,,,43.725,1
Normal,,,10/31/2018,,1924,,,,0,1,,,,562.456,2
Normal,Pune,11/23/2018,,,1928,92,25,355,16,44,6,,,4619.583,8
Normal,Delhi,12/7/2018,5/1/2019,141,1939,134,2,135,18,26,4,1,145,4758.38,8
Normal,,,1/7/2019,,1960,1,,1,0,1,,,,358.828,2
Normal,,,9/5/2018,,1963,,,,3,8,,,,2747.054,11
Normal,Mumbai,11/23/2018,2/10/2019,56,1967,7,1,8,55,36,23,1,79,8961.134,20
Normal,Mumbai,11/22/2018,,,1969,130,10,163,80,110,8,,,18626.332,46
Normal,,,9/13/2018,,1980,23,3,50,0,24,3,,,3385.465,0
Normal,,12/3/2018,2/15/2019,56,1983,56,9,67,33,44,5,1,74,6168.469,19
Normal,Mumbai,12/9/2018,1/24/2019,28,1984,18,,38,66,47,11,1,46,12518.89,19
Normal,,,9/18/2018,,1985,,,,2,5,,,,4093.15,1
Normal,Mumbai,12/16/2018,7/9/2019,197,1986,147,8,166,22,12,1,1,205,3697.309,9
Normal,,1/6/2019,1/25/2019,0,1988,13,,14,53,13,2,1,19,6656.242,15
Normal,,,9/14/2018,,1989,,,,0,,,,,176.06,0
Normal,,,9/17/2018,,1992,,,,0,,,,,1313.395,0
Normal,Mumbai,12/28/2018,3/9/2019,56,1996,105,24,138,60,86,10,1,71,24778.209,32
Normal,Mumbai,12/6/2018,9/29/2019,281,1997,40,6,65,58,84,12,1,297,24232.549,22
Normal,,11/22/2018,11/22/2018,0,1999,11,1,15,38,94,13,0,0,11380.729,33
Normal,Pune,,9/21/2018,,2000,,,,2,,,,,1771.786,2
Normal,,,,,2001,,,,0,3,,,,123.861,1
Normal,,,,,2002,2,1,3,0,5,,,,1841.262,5
Normal,,11/22/2018,11/15/2018,-28,2003,81,22,106,70,52,2,0,-7,11009.69,31
Normal,Mumbai,12/10/2018,9/3/2019,253,2005,11,2,27,121,194,6,1,267,43284.221,57
Normal,Mumbai,12/30/2018,4/6/2019,84,2006,,,7,61,29,2,1,97,8337.607,23
Normal,,,9/24/2018,,2007,,,,0,2,,,,587.068,2
Normal,,,,,2008,5,,5,0,11,,,,4578.965,6
Normal,,,9/19/2018,,2009,,,,2,2,,,,1075.284,2
Normal,,,10/10/2018,,2018,,,,0,1,,,,426.622,0
Normal,,,10/16/2018,,2021,5,2,7,3,17,,,,6964.313,6
Normal,,,9/25/2018,,2022,,,2,1,8,,,,2236.424,1
Normal,Mumbai,2/5/2019,11/26/2018,-84,2023,128,,127,13,15,2,0,-71,2821.297,15
Normal,,,9/20/2018,,2025,,,,3,,,,,341.621,0
Normal,,11/22/2018,12/2/2018,0,2026,,,,18,28,4,1,10,7229.752,16
Normal,,11/25/2018,1/8/2019,28,2037,5,1,6,41,50,1,1,44,10687.721,32
Normal,Mumbai,12/14/2018,2/9/2019,56,2038,67,5,83,67,44,4,1,57,11280.061,20
Normal,Mumbai,1/23/2019,2/16/2019,0,2039,13,2,17,64,32,1,1,24,8524.003,23
Normal,Mumbai,11/29/2018,9/10/2019,281,2040,,,2,68,26,,1,285,5860.67,43
Normal,,11/26/2018,9/26/2018,-84,2041,1,,1,18,32,8,0,-61,6445.679,17
Normal,Mumbai,4/19/2019,6/18/2019,56,2042,1,,3,90,229,113,1,60,53742.051,50
Normal,,12/15/2018,2/8/2019,28,2043,3,2,6,70,36,4,1,55,12600.603,22
Normal,,,,,2044,,,,0,1,,,,866.834,0
Normal,,,11/16/2018,,2045,43,4,55,5,6,,,,1518.838,4
Normal,Mumbai,11/28/2018,3/25/2019,112,2046,124,7,132,83,68,13,1,117,17895.024,38
Normal,,11/26/2018,2/1/2019,56,2047,71,3,98,14,28,9,1,67,6953.175,15
Normal,,,12/4/2018,,2048,,,,0,1,,,,167.534,0
Normal,Mumbai,2/16/2019,6/14/2019,112,2049,395,45,599,57,67,5,1,118,9988.636,22
Normal,,11/27/2018,2/1/2019,56,2050,36,20,56,16,22,,1,66,4844.823,16
Normal,,,4/10/2019,,2051,2,,3,5,9,,,,808.806,1
Normal,,,11/6/2018,,2052,,1,2,3,5,,,,985.514,1
Normal,,11/23/2018,,,2053,46,,46,85,18,7,,,6490.338,46
Normal,,,,,2055,12,10,22,3,21,1,,,4252.787,7
Normal,Mumbai,12/5/2018,7/9/2019,197,2056,194,,268,73,41,2,1,216,7997.27,27
Normal,Mumbai,1/27/2019,2/24/2019,0,2057,15,,14,71,25,1,1,28,8679.351,30
Normal,,,5/24/2019,,2058,164,,188,0,5,,,,345.027,0
Normal,,,9/29/2018,,2059,,,,0,,,,,247.571,1
Normal,,11/27/2018,5/25/2019,169,2060,1,2,7,62,102,1,1,179,17712.7,31
Normal,,,,,2061,1,,9,0,1,,,,659.529,1
Normal,,,3/14/2019,,2064,76,,80,0,11,,,,1271.004,2
Normal,Mumbai,2/2/2019,5/7/2019,84,2065,,,,66,8,1,1,94,4196.428,13
Normal,,,,,2066,7,,7,0,,,,,464.631,2
Normal,Mumbai,6/18/2019,6/21/2019,0,2068,,,,0,3,,1,3,1261.27,1
Normal,,,9/26/2018,,2069,2,,2,0,,,,,162.091,1
Normal,Mumbai,11/24/2018,4/21/2019,141,2070,58,93,159,136,129,,1,148,21886.703,90
Normal,,,11/23/2018,,2071,,,,0,,,,,217.048,0
Normal,,,,,2072,1,,1,0,1,,,,394.378,0
Normal,Mumbai,11/27/2018,9/11/2019,281,2073,99,38,165,158,164,15,1,288,70608.383,59
Normal,,,11/19/2018,,2074,11,1,23,0,13,,,,1905.061,6
Normal,Mumbai,12/1/2018,8/12/2019,253,2081,3,,5,69,87,6,1,254,14665.707,36
Normal,Mumbai,11/27/2018,7/10/2019,225,2082,3,1,13,96,74,8,1,225,23421.65,66
Normal,,,,,2083,28,5,45,0,7,,,,738.688,0
Normal,,11/22/2018,11/26/2018,0,2084,,,1,0,32,,1,4,6120.974,15
Normal,Mumbai,11/22/2018,7/25/2019,225,2085,1,2,6,123,249,36,1,245,45959.489,86
Normal,,,9/30/2018,,2086,1,,1,0,5,,,,511.556,0
Normal,Mumbai,1/20/2019,,,2089,296,2,628,62,51,6,,,10361.595,35
Normal,,11/28/2018,,,2094,19,1,47,0,9,,,,877.281,0
Normal,Mumbai,11/26/2018,4/28/2019,141,2096,53,38,104,92,171,19,1,153,33907.87,37
Normal,Mumbai,11/28/2018,,,2098,35,3,604,50,16,5,,,3943.183,13
Normal,Pune,6/22/2019,6/22/2019,0,2099,2,1,3,0,4,2,0,0,1085.856,1
Normal,,1/9/2019,,,2100,,,,1,7,,,,1050.79,2
Normal,,,11/20/2018,,2101,25,,23,0,1,,,,199.977,1
Normal,,11/26/2018,11/23/2018,-28,2102,37,18,55,118,42,,0,-3,10682.428,67
Normal,,,,,2103,11,,11,0,10,,,,2364.874,5
Normal,Mumbai,6/19/2019,6/21/2019,0,2104,,,,0,2,,1,2,668.275,0
Normal,,,10/10/2018,,2105,,,,0,5,,,,867.686,0
Normal,Mumbai,1/9/2019,,,2106,264,23,422,105,55,7,,,15357.857,31
Normal,Mumbai,1/23/2019,,,2108,,,,33,8,3,,,3678.597,12
Normal,,,11/15/2018,,2109,21,2,22,1,4,,,,361.625,0
Normal,,,5/5/2019,,2110,,,,0,2,,,,447.793,0
Normal,,,10/31/2018,,2111,1,,1,0,1,,,,251.57,0
Normal,,11/27/2018,10/15/2019,309,2112,22,1,29,47,45,3,1,322,16348.237,29
Normal,Mumbai,6/25/2019,6/27/2019,0,2113,,,2,17,20,,1,2,5708.751,27
Normal,,11/23/2018,11/22/2018,-28,2114,10,11,20,23,56,7,0,-1,7970.272,19
Normal,,1/21/2019,1/31/2019,0,2119,38,,38,31,8,,1,10,2301.988,4
Normal,,1/22/2019,3/4/2019,28,2121,16,18,42,49,43,14,1,41,11441.04,30
Normal,,,,,2123,504,4,671,0,5,,,,771.913,0
Normal,,,2/7/2019,,2124,92,1,104,0,4,,,,557.314,0
Normal,Mumbai,11/22/2018,6/16/2019,197,2125,151,21,177,95,74,8,1,206,25130.802,64
Normal,,,12/30/2018,,2126,17,,29,0,1,,,,249.494,0
Normal,,,1/30/2019,,2127,,,,0,10,,,,1866.403,1
Normal,,,,,2128,6,,6,0,,,,,172.421,0
Normal,,,,,2129,,,,0,5,,,,1162.146,1
Normal,,,9/26/2018,,2132,224,2,302,0,9,,,,679.424,0
Normal,Mumbai,1/9/2019,7/3/2019,169,2133,7,,10,53,14,,1,175,10236.888,21
Normal,,,10/25/2018,,2135,,,,0,1,,,,562.902,1
Normal,,,,,2136,5,,6,0,5,,,,851.515,3
Normal,,,10/14/2018,,2137,4,1,5,0,2,,,,554.949,1
Normal,,,10/23/2018,,2138,,,,0,1,,,,141.068,0
Normal,,,10/13/2018,,2139,4,,2,0,2,,,,373.391,0
Normal,,,,,2140,5,,5,0,1,,,,168.578,0
Normal,,,10/3/2018,,2141,1,,1,0,,,,,355.927,1
Normal,,1/11/2019,,,2142,,,,25,16,,,,4787.864,7
Normal,,,9/27/2018,,2143,,,,0,,,,,97.567,0
Normal,,1/10/2019,11/28/2018,-56,2144,,,,13,10,1,0,-43,2612.783,4
Normal,,,9/27/2018,,2149,,,,0,,,,,99.412,0
Normal,,,3/5/2019,,2151,,,,0,5,,,,1911.149,7
Normal,Mumbai,11/28/2018,6/13/2019,197,2154,169,20,195,93,48,4,1,197,13907.518,46
Normal,Mumbai,11/25/2018,3/21/2019,112,2155,102,,110,56,46,1,1,116,8125.992,23
Normal,,,10/26/2018,,2156,6,,10,0,1,,,,454.25,0
Normal,,,11/14/2018,,2158,12,5,16,0,18,,,,3473.011,5
Normal,,11/23/2018,10/12/2018,-56,2159,50,3,51,33,28,,0,-42,5083.728,19
Normal,,,12/24/2018,,2160,27,,52,0,,,,,104.498,0
Normal,,,10/5/2018,,2161,2,,2,0,1,,,,1508.461,5
Normal,,,7/25/2019,,2162,,,,0,13,,,,999.475,1
Normal,,,9/24/2019,,2163,104,,119,0,,,,,189.331,0
Normal,,,11/19/2018,,2164,13,,15,0,1,,,,473.137,2
Normal,,,10/2/2018,,2165,1,,1,0,1,,,,273.595,0
Normal,,,9/28/2018,,2166,,,,0,,,,,343.729,0
Normal,,,3/31/2019,,2167,,,,5,4,,,,2079.176,10
Normal,,,11/6/2018,,2168,5,,7,4,,,,,1064.734,0
Normal,,11/28/2018,12/2/2018,0,2169,,,,0,2,,1,4,706.462,1
Normal,,,10/6/2018,,2170,2,1,3,0,4,,,,604.465,0
Normal,,11/23/2018,11/18/2018,-28,2171,23,2,26,18,42,10,0,-5,5086.906,0
Normal,,11/23/2018,10/23/2018,-56,2172,26,,26,10,32,1,0,-31,8077.652,14
Normal,,,10/1/2018,,2173,,,1,0,,,,,212.603,0
Normal,,11/23/2018,10/1/2018,-56,2174,7,23,31,10,28,1,0,-53,2636.374,5
Normal,,,10/31/2018,,2176,2,1,3,0,5,,,,1868.822,7
Normal,,11/28/2018,11/4/2018,-28,2181,,,,3,3,,0,-24,1957.489,5
Normal,,,10/11/2018,,2182,,,,0,1,,,,323.402,1
Normal,,,,,2183,3,,13,0,2,,,,423.729,0
Normal,,,10/5/2018,,2187,,1,1,3,5,,,,1048.946,0
Normal,,,12/20/2018,,2190,22,11,37,0,6,,,,866.632,1
Normal,,,10/6/2018,,2192,2,,2,0,1,,,,102.651,0
Normal,,11/28/2018,1/27/2019,56,2193,106,13,132,3,30,,1,60,5509.42,9
Normal,,,12/2/2019,,2194,527,24,555,3,36,,,,11113.219,7
Normal,,,4/20/2019,,2201,135,15,150,0,9,,,,1848.426,0
Normal,Mumbai,11/22/2018,9/11/2019,281,2203,164,148,392,130,369,23,1,293,64398.503,91
Normal,Mumbai,3/26/2019,7/5/2019,84,2206,9,1,27,13,27,,1,101,6569.853,8
Normal,Mumbai,12/11/2018,7/13/2019,197,2213,3,1,11,134,188,10,1,214,48368.74,101
Normal,Mumbai,11/23/2018,3/23/2019,112,2216,,,,82,81,25,1,120,15252.59,45
Normal,,,12/19/2018,,2217,48,,48,1,1,,,,116.076,0
Normal,,,10/6/2018,,2219,2,,2,0,,,,,169.161,0
Normal,,,10/9/2018,,2220,2,,2,0,,,,,70.261,0
Normal,,,,,2221,,,,0,2,,,,55.184,0
Normal,Mumbai,1/7/2019,1/16/2019,0,2225,70,3,73,49,19,,1,9,6732.43,17
Normal,,,3/5/2019,,2226,100,,100,0,2,,,,505.191,0
Normal,,,11/9/2018,,2227,12,,12,0,,,,,92.456,0
Normal,,,3/2/2019,,2228,30,2,91,0,8,,,,1427.076,0
Normal,,,10/5/2018,,2230,,,,0,,,,,311.533,0
Normal,,,,,2232,,,,0,1,,,,140.157,0
Normal,,11/29/2018,1/28/2019,56,2239,7,,11,5,27,,1,60,5331.5,13
Normal,Mumbai,12/17/2018,,,2240,24,5,617,82,23,1,,,11708.825,46
Normal,Mumbai,11/26/2018,,,2241,,,1,60,17,14,,,7606.84,29
Normal,,,,,2242,,,1,2,7,,,,1473.311,1
Normal,,,1/7/2019,,2243,,,,0,6,,,,1157.468,0
Normal,,5/20/2019,,,2244,163,12,176,0,10,,,,1524.659,1
Normal,,,11/4/2018,,2245,,,,2,7,,,,747.355,0
Normal,,,,,2246,,,,0,5,,,,1335.552,1
Normal,,,11/15/2018,,2247,17,,17,1,1,,,,201.106,0
Normal,,,,,2248,,,,0,3,,,,1913.659,8
Normal,,,10/11/2018,,2249,,,,0,1,,,,107.2,0
Normal,Mumbai,11/23/2018,10/13/2019,309,2250,322,49,448,118,163,3,1,324,35464.926,74
Normal,,,10/20/2018,,2251,,,,0,4,,,,1598.988,6
Normal,,,11/12/2018,,2252,,,,0,5,,,,1587.683,7
Normal,Mumbai,3/30/2019,12/7/2018,-141,2254,1,,1,0,3,,0,-113,515.524,1
Normal,,,10/16/2018,,2255,2,,2,4,2,,,,1541.947,9
Normal,Mumbai,3/29/2019,5/2/2019,28,2256,11,1,21,42,29,,1,34,6450.365,18
Normal,Mumbai,11/26/2018,5/14/2019,169,2257,157,,175,20,7,,1,169,2584.651,8
Normal,,,10/15/2018,,2258,,,,2,3,,,,848.903,2
Normal,,11/27/2018,2/27/2019,84,2259,26,,26,25,22,3,1,92,4775.34,17
Normal,,,10/6/2018,,2260,,,,0,2,,,,187.055,0
Normal,,,,,2261,124,2,128,0,6,,,,1158.027,4
Normal,,,,,2262,,,,6,,,,,125.753,10
Normal,,,11/1/2018,,2263,3,2,8,4,9,,,,4315.557,8
Normal,,1/19/2019,2/5/2019,0,2264,,,2,63,14,10,1,17,6719.139,21
Normal,,1/19/2019,1/25/2019,0,2265,,,,56,,,1,6,3512.784,17
Normal,,,10/16/2018,,2266,1,,2,0,1,,,,1045.084,4
Normal,,,10/7/2018,,2267,,,,0,1,,,,396.945,0
Normal,,,10/6/2018,,2268,,,,0,1,,,,166.441,0
Normal,,,10/7/2018,,2269,,,,0,,,,,750.143,0
Normal,,,1/6/2019,,2270,48,,64,4,6,,,,1491.694,7
Normal,,,,,2271,,,,1,1,,,,480.202,2
Normal,,11/22/2018,,,2272,2,,6,110,110,10,,,18351.944,99
Normal,Mumbai,2/25/2019,6/7/2019,84,2274,,,,7,19,1,1,102,5337.896,15
Normal,,,10/8/2018,,2275,,,,0,1,,,,307.253,0
Normal,Mumbai,11/28/2018,3/26/2019,112,2276,96,4,114,72,39,2,1,118,11725.776,36
Normal,,11/26/2018,,,2278,57,,62,33,31,6,,,7577.046,11
Normal,,12/30/2018,1/21/2019,0,2279,7,2,11,49,21,6,1,22,5670.57,17
Normal,,,,,2280,,,,0,1,,,,138.817,0
Normal,,,11/10/2018,,2282,,,,3,7,,,,1339.911,3
Normal,,,11/26/2018,,2283,21,,23,6,18,4,,,4038.153,12
Normal,,12/6/2018,1/29/2019,28,2284,,2,4,58,8,5,1,54,11757.027,20
Normal,Mumbai,12/10/2018,2/26/2019,56,2285,,,,33,8,,1,78,2609.844,8
Normal,Mumbai,11/23/2018,9/19/2019,281,2288,189,24,242,101,113,8,1,300,12879.044,47
Normal,,11/30/2018,,,2289,3,,3,11,17,4,,,4945.006,7
Normal,,,1/2/2019,,2290,58,,57,0,2,,,,380.881,2
Normal,,11/28/2018,9/26/2019,281,2291,140,33,223,64,82,,1,302,12150.714,0
Normal,Mumbai,1/27/2019,2/8/2019,0,2293,9,1,12,55,15,,1,12,4064.09,5
Normal,,11/22/2018,4/5/2019,112,2294,56,51,118,78,173,4,1,134,29986.358,45
Normal,,12/4/2018,1/12/2019,28,2295,5,3,19,73,227,14,1,39,23893.422,30
Normal,Mumbai,4/23/2019,6/15/2019,28,2296,34,1,60,4,4,,1,53,1238.617,5
Normal,Mumbai,5/10/2019,,,2298,460,,526,22,14,,,,7433.825,31
Normal,,,,,2299,,,,0,12,,,,1423.004,6
Normal,,1/21/2019,10/10/2018,-112,2300,,1,2,63,7,,0,-103,6217.328,21
Normal,,,10/10/2018,,2301,,,,0,1,,,,109.886,0
Normal,,1/11/2019,10/29/2018,-84,2302,1,,14,61,21,,0,-74,9860.543,25
Normal,,,10/14/2018,,2303,1,1,,0,3,,,,434.885,0
Normal,,12/29/2018,1/12/2019,0,2304,2,,2,40,19,8,1,14,9340.199,11
Normal,,,,,2305,602,4,703,1,19,,,,1613.843,12
Normal,,,10/9/2018,,2307,,,,2,,,,,85.724,0
Normal,,1/11/2019,1/19/2019,0,2310,,,,49,18,5,1,8,5359.732,16
Normal,,,,,2311,4,,12,0,,,,,122.49,0
Normal,,11/29/2018,10/27/2018,-56,2312,69,,79,33,14,6,0,-33,7889.12,18
Normal,,,11/22/2018,,2313,,,,1,5,,,,1507.33,9
Normal,Mumbai,1/4/2019,2/23/2019,28,2314,,,,69,41,11,1,50,9716.999,23
Normal,Mumbai,1/2/2019,5/21/2019,112,2315,58,21,84,76,58,19,1,139,9472.508,25
Normal,,1/8/2019,2/4/2019,0,2316,8,1,13,26,7,1,1,27,2576.139,13
Normal,,,10/10/2018,,2317,,,,0,,,,,661.033,0
Normal,,,1/6/2019,,2318,1,,3,0,12,,,,1266.971,0
Normal,,11/27/2018,,,2319,103,4,116,51,59,9,,,15822.862,28
Normal,Mumbai,11/22/2018,,,2320,,,1,78,71,4,,,11513.431,33
Normal,,12/29/2018,1/30/2019,28,2321,67,2,69,58,64,5,1,32,16390.071,29
Normal,,1/8/2019,2/6/2019,28,2322,,,,66,54,11,1,29,17437.683,25
Normal,Mumbai,12/7/2018,12/17/2018,0,2323,21,2,30,70,73,10,1,10,13264.99,25
Normal,,,10/13/2018,,2324,,,,0,2,,,,397.61,0
Normal,,,,,2326,27,,35,0,2,,,,441.251,0
Normal,,,1/22/2019,,2328,34,,37,0,22,,,,5887.344,11
Normal,,1/10/2019,,,2330,,,,0,4,,,,319.945,0
Normal,,12/14/2018,1/31/2019,28,2331,3,,3,59,3,,1,48,2817.549,8
Normal,Mumbai,12/28/2018,3/10/2019,56,2332,5,,9,30,24,1,1,72,3226.44,8
Normal,,,10/11/2018,,2333,,,,0,,,,,301.955,0
Normal,,,10/10/2018,,2335,1,,1,0,1,,,,114.893,0
Normal,,1/30/2019,2/2/2019,0,2337,17,2,20,60,9,4,1,3,4005.066,0
Normal,Mumbai,2/1/2019,8/25/2019,197,2338,229,1,303,73,19,3,1,205,4999.654,11
Normal,,,1/30/2019,,2340,51,1,94,0,26,,,,5562.967,9
Normal,,11/28/2018,1/24/2019,56,2341,79,4,86,50,34,,1,57,6488.467,18
Normal,,,,,2342,,,,0,1,,,,104.108,0
Normal,,11/22/2018,2/19/2019,84,2343,27,,25,0,7,,1,89,2017.023,6
Normal,,11/29/2018,11/9/2018,-28,2344,11,2,11,22,21,4,0,-20,5041.215,3
Normal,,,10/12/2018,,2346,,,,0,1,,,,219.204,0
Normal,,,4/12/2019,,2347,33,,147,0,3,,,,918.571,4
Normal,Mumbai,12/3/2018,4/9/2019,112,2348,7,,126,28,17,1,1,127,2072.287,0
Normal,,,,,2349,58,1,85,0,5,,,,575.924,0
Normal,,,,,2350,,,2,0,8,,,,1549.074,2
Normal,,12/5/2018,1/28/2019,28,2351,2,1,4,54,37,4,1,54,9753.349,20
Normal,,,11/3/2018,,2352,6,,7,0,2,,,,288.476,0
Normal,Mumbai,2/7/2019,1/27/2019,-28,2354,37,10,78,13,40,,0,-11,21045.059,0
Normal,Mumbai,11/23/2018,,,2355,149,14,186,95,64,11,,,19766.635,36
Normal,,,10/11/2018,,2356,,,,1,,,,,1678.513,0
Normal,,,10/11/2018,,2358,,,,0,,,,,127.446,0
Normal,,,1/11/2019,,2359,1,,2,3,1,,,,2244.652,0
Normal,,1/15/2019,2/2/2019,0,2362,,,1,16,6,,1,18,2413.377,17
Normal,,,12/30/2018,,2363,50,3,56,0,6,,,,1216.633,4
Normal,,,11/5/2018,,2364,,,,0,3,,,,386.812,0
Normal,Mumbai,2/9/2019,12/19/2018,-56,2365,87,1,98,9,14,2,0,-52,3480.766,8
Normal,,,,,2366,1,,1,0,2,,,,622.876,2
Normal,,12/6/2018,6/22/2019,197,2371,,,,93,39,3,1,198,9665.099,27
Normal,,,2/24/2019,,2372,,,,0,1,,,,439.985,2
Normal,,12/12/2018,4/1/2019,84,2373,100,1,143,3,3,,1,110,1094.779,1
Normal,,,10/14/2018,,2375,1,,1,0,1,,,,386.576,0
Normal,,,10/13/2018,,2379,,,,0,,,,,454.84,0
Normal,,,10/15/2018,,2380,,,,0,1,,,,178.122,0
Normal,,,10/19/2018,,2382,2,,2,0,,,,,114.408,0
Normal,,12/25/2018,1/28/2019,28,2386,29,1,34,56,28,8,1,34,13637.931,19
Normal,,1/13/2019,2/27/2019,28,2387,21,2,30,38,7,,1,45,2961.268,13
Normal,,2/2/2019,3/9/2019,28,2388,14,2,117,61,10,1,1,35,3096.234,0
Normal,,,,,2389,88,1,92,0,9,,,,1780.941,7
Normal,Mumbai,11/23/2018,4/12/2019,112,2390,30,47,122,4,74,3,1,140,4126.701,4
Normal,,,10/13/2018,,2392,,,,0,,,,,93.994,0
Normal,Mumbai,11/28/2018,4/1/2019,112,2393,15,2,32,0,6,,1,124,1811.986,1
Normal,Mumbai,11/25/2018,,,2394,,,,68,63,7,,,13559.841,42
Normal,,,10/21/2018,,2395,,,,0,1,,,,2580.832,9
Normal,,11/27/2018,12/25/2018,0,2396,39,,45,27,57,10,1,28,10915.543,12
Normal,,,11/23/2018,,2397,17,,22,0,1,,,,93.902,0
Normal,,11/28/2018,3/26/2019,112,2399,2,,3,21,17,1,1,118,6766.28,22
Normal,Mumbai,8/3/2019,11/15/2018,-281,2400,146,7,233,14,29,,0,-261,7771.766,22
Normal,,,10/15/2018,,2401,,,,0,,,,,141.214,0
Normal,,,8/7/2019,,2404,234,4,238,0,,,,,239.136,0
Normal,,1/27/2019,1/29/2019,0,2405,21,1,56,48,18,,1,2,3558.749,4
Normal,,,12/1/2018,,2406,,,,5,6,,,,1210.435,0
Normal,,,11/22/2018,,2409,11,,8,0,5,,,,1786.576,5
Normal,Mumbai,12/20/2018,2/8/2019,28,2410,,,,68,32,5,1,50,14183.721,30
Normal,,12/14/2018,2/16/2019,56,2411,26,,34,0,7,,1,64,684.616,0
Normal,,12/4/2018,4/14/2019,112,2413,21,,31,13,6,,1,131,615.93,0
Normal,,,11/29/2018,,2414,,,,0,3,,,,2712.42,10
Normal,,,10/25/2018,,2415,,,1,0,,,,,127.192,0
Normal,,,11/15/2018,,2416,12,1,13,0,1,,,,857.814,4
Normal,,,,,2417,29,1,33,0,6,,,,1240.28,0
Normal,,11/26/2018,,,2418,,,,0,1,1,,,2498.782,12
Normal,,,10/17/2018,,2419,,,,0,,,,,82.238,0
Normal,,,,,2420,,,,3,33,,,,4550.116,2
Normal,,,12/9/2018,,2421,,,,4,6,,,,1140.113,0
Normal,,,10/19/2018,,2422,1,,1,0,2,,,,472.193,0
Normal,,,,,2423,85,,66,0,8,,,,1229.534,0
Normal,,,,,2424,9,,9,0,3,,,,264.19,0
Normal,,,12/20/2018,,2425,43,1,45,0,4,,,,242.303,0
Normal,,,10/18/2018,,2426,,,,0,,,,,236.981,0
Normal,Mumbai,7/23/2019,10/10/2019,56,2427,,,,7,19,,1,79,4697.762,9
Normal,,,,,2428,,,2,0,1,,,,325.18,0
Normal,Mumbai,12/17/2018,11/5/2018,-56,2429,297,6,396,10,17,1,0,-42,3637.282,19
Normal,,,10/23/2018,,2430,,,,0,1,,,,140.712,0
Normal,,11/27/2018,12/26/2018,28,2431,43,1,51,9,13,1,1,29,3119.087,5
Normal,,12/30/2018,4/25/2019,112,2432,94,4,143,58,33,7,1,116,14314.836,32
Normal,,,5/4/2019,,2434,13,,16,4,4,,,,1861.573,9
Normal,,,10/17/2018,,2435,,,,0,2,,,,659.105,0
Normal,,,10/21/2018,,2436,1,,1,0,2,,,,196.984,0
Normal,,,10/25/2018,,2437,1,,1,4,1,,,,2786.622,9
Normal,,11/27/2018,2/16/2019,56,2438,,,,56,31,11,1,81,8994.535,30
Normal,,,,,2439,3,,4,5,6,,,,2529.965,6
Normal,,,11/14/2018,,2440,10,,12,0,,,,,96.379,0
Normal,,,,,2441,,,,3,3,,,,123.858,0
Normal,,,11/29/2018,,2442,13,5,24,0,9,,,,1239.779,1
Normal,,,10/27/2018,,2443,,,,0,,,,,149.168,0
Normal,,11/27/2018,1/29/2019,56,2444,,,2,4,10,,1,63,1740.017,7
Normal,,,,,2445,,,,0,2,,,,245.843,0
Normal,,,10/20/2018,,2446,1,,1,0,,,,,91.875,0
Normal,,1/17/2019,10/17/2018,-112,2447,,,,22,2,,0,-92,1369.965,0
Normal,,,2/15/2019,,2449,,,,1,2,,,,556.534,1
Normal,,,11/4/2018,,2450,5,,6,0,5,,,,364.77,0
Normal,,11/27/2018,10/21/2018,-56,2452,68,2,73,69,55,1,0,-37,12928.785,23
Normal,,,10/22/2018,,2454,,,,0,4,2,,,520.667,0
Normal,,1/12/2019,1/22/2019,0,2455,3,,12,17,3,,1,10,1476.885,6
Normal,,,12/15/2018,,2457,,,,0,,,,,142.669,0
Normal,,,2/2/2019,,2458,93,,93,5,1,,,,1767.276,10
Normal,,,,,2461,132,,194,5,9,,,,2857.969,11
Normal,,,,,2462,,,,4,4,,,,2000.371,9
Normal,,,3/11/2019,,2463,,,,0,15,,,,2751.068,9
Normal,,,11/2/2018,,2465,6,,6,0,,,,,387.48,0
Normal,,11/27/2018,11/29/2018,0,2468,18,1,19,5,10,,1,2,2503.627,10
Normal,,,10/20/2018,,2469,,,,0,1,,,,328.045,1
Normal,Mumbai,12/25/2018,2/22/2019,56,2470,5,,6,70,9,4,1,59,7325.495,23
Normal,,,,,2471,2,,5,0,1,,,,261.199,0
Normal,Mumbai,1/19/2019,10/6/2019,253,2472,1,,2,70,20,5,1,260,6733.584,25
Normal,Mumbai,12/7/2018,,,2473,46,3,58,29,12,4,,,4237.156,20
Normal,,,10/26/2018,,2474,,,,1,,,,,332.622,0
Normal,,,11/3/2018,,2475,,,,0,4,,,,336.595,0
Normal,,,1/13/2019,,2476,,,,0,3,,,,2094.66,12
Normal,,,,,2477,,,2,20,2,,,,819.632,0
Normal,,1/30/2019,1/30/2019,0,2478,,,1,24,1,4,0,0,2498.73,1
Normal,,1/31/2019,,,2479,,,,22,1,,,,278.804,0
Normal,,2/5/2019,,,2481,81,2,79,22,3,,,,806.851,0
Normal,,,10/18/2018,,2482,,,,0,2,,,,306.582,0
Normal,,1/18/2019,,,2483,38,3,43,53,26,7,,,24894.004,21
Normal,,,10/23/2018,,2484,,,,0,1,,,,1841.866,2
Normal,,12/22/2018,10/25/2018,-84,2485,,,1,24,4,1,0,-58,2125.612,3
Normal,,,11/13/2018,,2486,10,,7,0,2,,,,919.698,5
Normal,,,10/25/2018,,2487,,,,0,2,,,,792.481,2
Normal,,,10/23/2018,,2488,,,,0,,,,,213.475,0
Normal,,,12/16/2018,,2489,40,,40,0,1,,,,962.898,2
Normal,,,,,2490,5,,4,5,8,,,,1014.704,1
Normal,,,11/5/2018,,2491,5,,5,0,6,,,,1812.442,4
Normal,,,11/13/2018,,2492,11,,10,6,8,,,,2780.75,12
Normal,,,1/22/2019,,2494,,,1,5,15,,,,3637.874,11
Normal,,12/22/2018,1/31/2019,28,2495,13,,14,26,15,,1,40,4097.058,3
Normal,,,,,2496,2,,2,5,4,,,,1822.281,11
Normal,,,11/17/2018,,2497,14,1,15,5,5,,,,1717.646,8
Normal,,11/22/2018,,,2500,12,11,23,17,41,2,,,5769.486,0
Normal,,1/10/2019,1/19/2019,0,2501,,,,42,1,,1,9,1962.502,15
Normal,,,,,2502,77,1,86,0,3,,,,283.292,1
Normal,,12/8/2018,,,2504,,,,9,9,,,,3487.852,14
Normal,,,12/8/2018,,2506,22,1,24,0,3,,,,401.033,0
Normal,Mumbai,1/26/2019,5/19/2019,112,2507,,,2,40,14,1,1,113,4459.129,17
Normal,,11/28/2018,11/28/2018,0,2508,,,,2,10,,0,0,3449.197,13
Normal,Mumbai,1/12/2019,5/18/2019,112,2509,,1,1,64,27,,1,126,6241.791,20
Normal,,11/22/2018,2/5/2019,56,2510,14,,16,66,55,3,1,75,12370.501,35
Normal,,11/22/2018,,,2511,,,,1,8,,,,3494.872,11
Normal,,,1/9/2019,,2512,,,1,0,2,,,,1328.667,3
Normal,,,10/22/2018,,2513,,,,0,2,,,,542.8,1
Normal,,,,,2514,64,,59,0,5,,,,2454.251,7
Normal,,,11/1/2018,,2515,1,,2,4,3,,,,914.726,3
Normal,,,10/26/2018,,2517,1,,1,0,2,,,,342.631,0
Normal,,,10/21/2018,,2518,,,,0,1,,,,579.306,2
Normal,,11/22/2018,12/27/2018,28,2519,25,1,37,14,12,,1,35,4702.527,14
Normal,,11/26/2018,1/5/2019,28,2520,22,11,44,40,41,17,1,40,11570.727,26
Normal,,,11/4/2018,,2522,,,,0,1,,,,535.696,1
Normal,,12/30/2018,,,2523,106,3,112,51,41,9,,,13728.264,30
Normal,,,5/8/2019,,2524,157,2,159,0,12,,,,3063.617,1
Normal,Mumbai,1/2/2019,4/17/2019,84,2525,77,2,79,38,20,1,1,105,8796.058,31
Normal,,2/2/2019,12/9/2018,-56,2526,,,,38,3,,0,-55,1957.47,7
Normal,,1/13/2019,1/21/2019,0,2527,70,4,74,2,12,,1,8,2932.619,12
Normal,,,11/16/2018,,2528,14,,15,2,9,,,,2964.779,13
Normal,,,10/25/2018,,2529,1,,1,4,5,,,,973.001,1
Normal,,,1/3/2019,,2530,57,,57,0,,,,,185.399,0
Normal,Mumbai,11/23/2018,5/23/2019,169,2531,30,2,38,35,55,8,1,181,11326.256,27
Normal,,11/27/2018,,,2532,,,53,1,7,,,,1552.909,5
Normal,Mumbai,1/4/2019,10/22/2018,-84,2533,2,1,18,45,11,1,0,-74,4245.151,17
Normal,,,11/17/2018,,2534,11,,9,11,6,7,,,3938.901,14
Normal,,,,,2535,43,1,59,0,1,,,,665.889,1
Normal,,11/24/2018,,,2537,138,2,148,0,12,,,,1506.893,6
Normal,,,10/22/2018,,2538,,,,0,1,,,,769.979,0
Normal,,12/30/2018,12/30/2018,0,2539,,,,4,,,0,0,179.006,0
Normal,,,10/28/2018,,2540,,,,0,1,,,,109.068,0
Normal,,,11/29/2018,,2542,23,1,25,0,5,,,,588.256,1
Normal,,,10/29/2018,,2543,1,,1,0,1,,,,255.88,0
Normal,,,11/3/2018,,2545,5,,5,0,4,,,,710.03,2
Normal,,,,,2546,144,1,159,0,6,,,,469.024,0
Normal,,,12/20/2018,,2547,9,,9,0,2,,,,896.545,0
Normal,,,10/26/2018,,2548,1,,2,0,1,,,,273.68,0
Normal,Mumbai,5/16/2019,7/13/2019,56,2549,74,14,119,15,34,,1,58,7426.241,11
Normal,,,10/23/2018,,2550,,,,0,,,,,208.074,0
Normal,,11/22/2018,3/7/2019,84,2551,68,1,73,60,178,33,1,105,33167.724,38
Normal,Mumbai,1/4/2019,4/12/2019,84,2552,126,5,139,64,37,1,1,98,11452.982,31
Normal,,,,,2555,,,,0,3,,,,323.874,0
Normal,,,11/20/2018,,2556,,,,0,2,,,,812.686,0
Normal,,,10/25/2019,,2557,425,3,453,0,4,,,,319.801,0
Normal,Mumbai,11/26/2018,3/12/2019,84,2558,5,5,18,88,101,3,1,106,20719.738,42
Normal,,,,,2560,,,,0,,,,,1.317,0
Normal,,,10/23/2018,,2561,,,,1,,,,,1835.397,5
Normal,,1/19/2019,2/17/2019,28,2562,21,,16,49,7,,1,29,1712.082,1
Normal,,,,,2564,235,10,248,0,4,,,,1027.841,3
Normal,,12/3/2018,3/20/2019,84,2565,38,2,46,26,31,6,1,107,6153.153,24
Normal,,,,,2566,42,2,46,0,5,,,,647.191,0
Normal,Mumbai,1/31/2019,2/14/2019,0,2567,,,,60,14,,1,14,4253.972,5
Normal,,,11/4/2018,,2568,,,,5,2,,,,1191.011,5
Normal,,,10/23/2018,,2569,,,,0,1,,,,232.706,0
Normal,,,4/26/2019,,2570,134,2,136,0,4,,,,651.809,0
Normal,,1/29/2019,12/20/2018,-56,2573,,,2,16,29,,0,-40,11083.766,17
Normal,,,10/27/2018,,2574,,,,4,4,,,,2192.774,10
Normal,,,10/24/2018,,2575,1,,1,0,,,,,216.078,0
Normal,,11/30/2018,12/20/2018,0,2576,,,,10,12,,1,20,2985.064,8
Normal,Mumbai,11/22/2018,1/12/2019,28,2577,40,2,45,38,87,24,1,51,14581.776,23
Normal,,11/23/2018,10/28/2018,-28,2578,2,,2,14,22,3,0,-26,5250.767,13
Normal,,,12/10/2018,,2579,34,,35,0,5,,,,739.809,0
Normal,,,12/24/2018,,2580,49,,48,0,2,,,,377.328,0
Normal,,,11/26/2018,,2581,,,,0,2,,,,1134.01,6
Normal,,,,,2582,10,,12,5,18,,,,3628.848,7
Normal,,12/16/2018,2/9/2019,28,2583,,,,0,1,,1,55,1837.072,7
Normal,,,11/22/2018,,2584,,,,11,11,4,,,6114.646,0
Normal,,,,,2585,13,1,19,0,6,,,,1821.9,2
Normal,,,10/30/2018,,2586,3,,4,0,1,,,,726.526,2
Normal,,,10/28/2018,,2587,2,,2,0,1,,,,360.114,0
Normal,,,11/6/2018,,2588,,,,6,10,,,,3383.181,12
Normal,Mumbai,12/27/2018,2/13/2019,28,2589,,,,6,1,1,1,48,1286.558,3
Normal,,,,,2590,,,,0,2,,,,600.151,0
Normal,,,1/15/2019,,2591,,,,1,4,,,,770.836,2
Normal,,,10/25/2018,,2592,,,,0,1,,,,96.509,0
Normal,,,11/12/2018,,2593,13,,12,4,,,,,1520.702,10
Normal,Mumbai,11/22/2018,2/25/2019,84,2594,87,54,143,105,213,9,1,95,34082.581,56
Normal,,1/5/2019,2/17/2019,28,2595,,,1,68,22,2,1,43,8164.094,26
Normal,,12/7/2018,12/12/2018,0,2596,,,,18,15,5,1,5,4322.63,5
Normal,,,10/29/2018,,2597,2,,3,0,1,,,,493.189,0
Normal,,,12/18/2018,,2598,28,1,31,13,5,,,,873.165,0
Normal,Mumbai,1/10/2019,2/14/2019,28,2599,12,6,19,72,46,28,1,35,15423.171,24
Normal,,,1/20/2019,,2600,46,2,69,6,5,,,,2153.187,10
Normal,,,10/26/2018,,2601,1,,1,0,,,,,186.832,0
Normal,,,,,2602,76,1,85,1,4,,,,2605.497,11
Normal,Mumbai,1/3/2019,,,2603,17,8,33,24,20,3,,,5938.013,22
Normal,Mumbai,11/22/2018,5/2/2019,141,2604,97,8,113,62,42,1,1,161,10149.579,22
Normal,,,10/28/2018,,2605,1,1,2,0,5,,,,396.752,0
Normal,,11/24/2018,1/6/2019,28,2606,58,,57,1,7,,1,43,1967.208,3
Normal,,,5/3/2019,,2607,,,1,0,4,,,,655.211,0
Normal,,,11/2/2018,,2608,4,,3,0,3,,,,1125.567,3
Normal,,,1/15/2019,,2609,70,,71,6,6,1,,,1379.885,3
Normal,Mumbai,3/4/2019,3/17/2019,0,2610,1,,3,26,7,,1,13,3436.455,2
Normal,,1/10/2019,2/14/2019,28,2611,2,,2,72,52,3,1,35,8779.291,24
Normal,,11/24/2018,7/15/2019,225,2612,177,21,201,41,46,2,1,233,8374.304,25
Normal,,11/24/2018,12/12/2018,0,2613,29,1,34,17,67,21,1,18,17035.357,15
Normal,,,10/27/2018,,2614,2,,2,2,,,,,552.452,3
Normal,,,10/24/2018,,2615,1,,1,0,,,,,76.819,0
Normal,,,9/23/2019,,2616,,,,0,,,,,15.256,1
Normal,,,10/26/2018,,2617,1,,1,0,2,,,,203.578,0
Normal,Mumbai,12/31/2018,4/16/2019,84,2618,,,1,68,72,3,1,106,17029.981,31
Normal,,,10/24/2018,,2619,,,,0,,,,,175.574,1
Normal,,,11/19/2018,,2620,,,,1,3,,,,212.822,0
Normal,,,10/25/2018,,2621,1,,1,0,,,,,73.93,0
Normal,,,1/13/2019,,2622,4,1,6,0,3,,,,778.021,0
Normal,Mumbai,1/27/2019,9/20/2019,225,2623,,1,3,70,10,,1,236,5092.376,22
Normal,,1/21/2019,2/7/2019,0,2624,78,5,88,63,41,6,1,17,10989.122,33
Normal,,11/30/2018,12/16/2018,0,2625,6,,6,12,33,1,1,16,10816.886,19
Normal,,,2/27/2019,,2626,89,6,103,5,25,,,,3610.078,0
Normal,,,3/21/2019,,2627,,,,5,4,,,,3254.249,10
Normal,,,3/26/2019,,2628,115,5,129,0,3,,,,1015.521,4
Normal,,,,,2629,,,,5,7,,,,3063.998,10
Normal,,,10/29/2018,,2630,,,,0,4,,,,1826.193,9
Normal,,,10/24/2018,,2631,,,,5,,,,,783.239,0
Normal,,,10/26/2018,,2632,,,,0,,,,,247.289,1
Normal,,,11/3/2018,,2633,1,3,2,6,8,,,,3865.825,12
Normal,,,3/11/2019,,2634,,,,6,2,,,,3626.826,11
Normal,,1/27/2019,1/27/2019,0,2635,,,,15,1,,0,0,1110.818,2
Normal,,,10/26/2018,,2636,,,,0,4,,,,411.125,0
Normal,,,11/9/2018,,2637,,,,0,23,1,,,4751.677,12
Normal,Mumbai,3/30/2019,4/2/2019,0,2638,16,1,18,5,11,1,1,3,2554.063,12
Normal,,11/26/2018,2/24/2019,84,2639,69,2,86,32,51,15,1,90,12710.198,23
Normal,,,,,2640,,,,0,1,,,,147.212,0
Normal,,,,,2641,,,,0,1,,,,187.313,0
Normal,,11/24/2018,12/1/2018,0,2642,7,1,10,17,23,5,1,7,8636.497,14
Normal,,,1/6/2019,,2643,52,3,55,8,15,,,,7503.514,11
Normal,,,10/29/2018,,2644,,,,0,,,,,60.78,0
Normal,,,4/1/2019,,2645,17,,86,0,,,,,179.578,0
Normal,,,10/24/2018,,2646,,,,0,,,,,66.842,0
Normal,,,1/24/2019,,2647,,,,0,,,,,180.327,0
Normal,,,10/24/2018,,2648,,,,0,,,,,137.524,0
Normal,,,11/10/2018,,2649,,,,3,3,,,,421.924,0
Normal,,,12/3/2018,,2650,,,,0,2,,,,709.197,1
Normal,Mumbai,11/24/2018,11/7/2018,-28,2651,79,39,229,82,124,6,0,-17,28829.676,36
Normal,,12/6/2018,12/8/2018,0,2652,1,,1,0,,,1,2,318.894,0
Normal,,,10/24/2018,,2654,,,,0,,,,,94.307,0
Normal,Mumbai,1/12/2019,2/13/2019,28,2655,,,1,58,3,,1,32,2350.836,6
Normal,,,11/19/2018,,2656,,,,11,24,9,,,6221.809,14
Normal,,,11/6/2018,,2657,,,,0,,,,,129.794,0
Normal,,,10/24/2018,,2658,,,,0,,,,,62.204,0
Normal,,,10/24/2018,,2659,,,,0,,,,,49.965,0
Normal,Mumbai,12/29/2018,4/7/2019,84,2660,27,,32,72,46,10,1,99,9466.939,26
Normal,,,11/1/2018,,2661,3,,3,0,2,,,,1196.383,2
Normal,,,10/27/2018,,2662,1,,1,1,,,,,167.744,0
Normal,,,10/29/2018,,2663,1,,1,0,1,,,,351.701,0
Normal,,,10/25/2018,,2664,,,,0,1,,,,365.67,0
Normal,,,10/25/2018,,2665,,,,0,,,,,40.324,0
Normal,,,11/7/2018,,2666,,,,0,,,,,66.613,0
Normal,Mumbai,11/25/2018,2/2/2019,56,2667,505,2,687,90,24,4,1,69,11641.018,53
Normal,,11/24/2018,3/1/2019,84,2668,99,5,106,30,34,2,1,97,8611.85,24
Normal,,,,,2669,539,8,563,0,6,,,,1042.158,3
Normal,,,,,2670,,,,0,1,,,,270.986,0
Normal,,11/23/2018,11/23/2018,0,2671,45,4,70,9,36,8,0,0,10671.478,11
Normal,,,2/22/2019,,2672,,,,0,3,,,,717.688,3
Normal,,11/24/2018,3/2/2019,84,2673,,,,20,64,13,1,98,18351.941,1
Normal,,,,,2674,6,,5,9,9,1,,,3661.671,13
Normal,,11/26/2018,,,2675,18,,21,59,39,6,,,10679.066,33
Normal,,,2/2/2019,,2676,64,1,73,0,1,,,,504.558,1
Normal,,1/9/2019,2/6/2019,0,2677,11,3,15,64,70,6,1,28,15642.103,20
Normal,,,,,2678,40,1,59,0,1,,,,220.212,0
Normal,,12/2/2018,11/22/2018,-28,2679,341,5,522,54,34,,0,-10,12139.707,21
Normal,Other,11/22/2018,2/10/2019,56,2680,,,,36,62,7,1,80,14073.887,19
Normal,,,10/27/2018,,2681,1,,1,0,3,,,,838.057,0
Normal,Mumbai,11/29/2018,5/29/2019,169,2682,,,6,73,289,10,1,181,20145.226,33
Normal,,,12/19/2018,,2683,38,1,41,0,3,,,,628.486,2
Normal,,,11/5/2018,,2684,,,,0,3,,,,1931.758,2
Normal,,11/29/2018,1/10/2019,28,2685,51,2,62,12,17,2,1,42,3950.004,18
Normal,,,12/13/2018,,2686,,,,5,5,,,,1880.107,7
Normal,,,11/24/2018,,2687,,,,0,9,,,,3455.501,15
Normal,,,11/17/2018,,2688,11,1,14,6,6,,,,2224.718,12
Normal,,,12/8/2018,,2689,11,,29,5,12,,,,2982.794,7
Normal,,,10/26/2018,,2690,,,,0,4,,,,434.574,0
Normal,,,,,2691,194,1,401,0,1,,,,164.87,0
Normal,,,,,2692,,,,0,,,,,54.837,0
Normal,,1/14/2019,,,2693,65,4,89,3,11,,,,1435.878,5
Normal,,,7/12/2019,,2694,,,,0,,,,,973.589,6
Normal,,,11/3/2018,,2695,5,,4,0,1,,,,141.176,0
Normal,Mumbai,11/29/2018,4/10/2019,112,2696,132,,135,70,56,16,1,132,14041.382,51
Normal,,,,,2697,54,8,142,0,4,,,,1776.639,9
Normal,,,7/15/2019,,2698,209,1,209,0,3,,,,774.528,3
Normal,Mumbai,11/22/2018,7/25/2019,225,2699,35,1,48,94,140,6,1,245,29936.781,69
Normal,Mumbai,11/26/2018,8/7/2019,253,2700,3,,7,70,83,2,1,254,16719.959,38
Normal,Mumbai,12/16/2018,2/13/2019,56,2701,47,4,57,68,80,2,1,59,13982.48,28
Normal,,12/1/2018,12/14/2018,0,2702,21,1,23,26,41,6,1,13,9810.028,26
Normal,Mumbai,12/29/2018,1/14/2019,0,2703,268,26,420,97,76,4,1,16,17888.737,100
Normal,,,11/10/2018,,2704,7,1,8,5,1,,,,2170.458,10
Normal,,11/22/2018,11/25/2018,0,2705,12,,16,52,19,5,1,3,4078.965,14
Normal,,,,,2706,,,,8,9,3,,,3400.227,9
Normal,,,11/11/2018,,2709,6,,7,0,,,,,112.06,0
Normal,,,10/25/2018,,2710,,,,0,,,,,163.664,0
Normal,,1/27/2019,2/19/2019,0,2711,,,,36,15,,1,23,3352.126,9
Normal,,,10/28/2018,,2712,1,,1,0,2,,,,187.054,0
Normal,,,10/31/2018,,2714,,,,0,,,,,47.102,0
Normal,,,12/1/2018,,2716,19,,19,6,6,,,,2813.912,8
Normal,Mumbai,12/24/2018,4/4/2019,84,2717,33,7,102,45,22,,1,101,6176.809,34
Normal,,1/31/2019,2/12/2019,0,2718,16,,16,20,4,,1,12,1923.68,1
Normal,,11/24/2018,11/13/2018,-28,2719,,,,20,12,,0,-11,5019.469,13
Normal,,11/22/2018,1/27/2019,56,2720,1,,2,63,117,33,1,66,28906.167,38
Normal,,1/17/2019,2/24/2019,28,2721,,,,53,12,4,1,38,6575.842,17
Normal,,,1/2/2019,,2722,53,2,58,0,1,,,,184.779,0
Normal,,12/2/2018,2/24/2019,56,2723,21,,35,10,64,29,1,84,27017.891,18
Normal,,1/9/2019,1/21/2019,0,2724,,,,42,24,3,1,12,9497.347,26
Normal,,,3/2/2019,,2725,109,,109,0,,,,,545.924,2
Normal,Mumbai,11/29/2018,6/12/2019,169,2726,103,39,176,142,71,9,1,195,13715.101,114
Normal,,,10/28/2018,,2727,,,,5,1,,,,912.945,0
Normal,,12/26/2018,1/25/2019,28,2728,1,,5,51,44,2,1,30,12704.753,29
Normal,Mumbai,11/30/2018,11/4/2019,337,2729,353,4,461,69,60,13,1,339,12187.526,22
Normal,,,11/5/2018,,2730,2,,4,3,5,,,,1638.211,1
Normal,Mumbai,11/25/2018,,,2731,282,15,571,27,30,13,,,9606.602,35
Normal,,,10/28/2018,,2732,,,,0,1,,,,445.911,2
Normal,,,12/12/2018,,2733,,,,0,,,,,54.159,0
Normal,,,5/26/2019,,2734,152,1,172,0,,,,,228.099,0
Normal,,,10/30/2018,,2735,,,,0,2,,,,370.165,0
Normal,,,11/7/2018,,2736,,,,0,1,,,,801.023,4
Normal,,,10/31/2018,,2737,1,,2,0,1,,,,130.264,0
Normal,,,10/27/2018,,2738,,,,0,,,,,197.796,0
Normal,Mumbai,11/29/2018,2/28/2019,84,2739,13,4,25,74,246,31,1,91,28353.433,29
Normal,,,10/28/2018,,2740,,,,2,2,,,,836.447,0
Normal,Mumbai,1/3/2019,8/7/2019,197,2741,82,4,104,91,56,15,1,216,30144.629,38
Normal,,11/23/2018,1/31/2019,56,2742,,,,1,15,2,1,69,3727.218,7
Normal,,1/18/2019,8/23/2019,197,2743,1,,1,29,14,5,1,217,6627.809,15
Normal,Mumbai,1/16/2019,10/13/2019,253,2744,97,19,272,71,36,1,1,270,13830.273,38
Normal,,,11/23/2018,,2745,,,1,5,2,,,,2229.189,11
Normal,,,,,2747,,,,0,2,,,,1117,2
Normal,,,1/25/2019,,2748,71,,75,0,1,,,,387.555,0
Normal,,11/29/2018,12/14/2018,0,2749,2,,3,7,23,3,1,15,9835.323,13
Normal,,,,,2750,,,,0,3,,,,2055.539,5
Normal,,,10/28/2018,,2752,,,,0,,,,,166.082,0
Normal,,,11/16/2018,,2753,8,,13,0,1,,,,111.665,0
Normal,Mumbai,12/30/2018,10/4/2019,253,2754,85,33,124,94,181,17,1,278,52223.131,36
Normal,,,10/28/2018,,2755,,,,0,,,,,80.301,0
Normal,Mumbai,11/22/2018,,,2756,62,3,78,77,167,13,,,34529.296,39
Normal,,,11/4/2018,,2757,,,,3,4,,,,2627.153,6
Normal,,,11/6/2018,,2758,4,,4,5,,,,,652.701,0
Normal,,,11/1/2018,,2759,,,,6,1,,,,2041.693,5
Normal,,,6/4/2019,,2760,15,1,17,1,5,,,,1433.389,3
Normal,Mumbai,12/11/2018,2/26/2019,56,2761,6,11,18,71,42,,1,77,9687.243,24
Normal,,,10/29/2018,,2762,,,,0,,,,,312.931,0
Normal,,,10/31/2018,,2763,1,,1,5,1,,,,1747.755,11
Normal,,,10/30/2018,,2764,,1,1,0,1,,,,134.82,0
Normal,,,11/22/2018,,2767,6,,16,0,,,,,145.949,0
Normal,Mumbai,11/26/2018,7/20/2019,225,2768,74,2,86,132,200,11,1,236,44679.265,73
Normal,Mumbai,12/1/2018,5/28/2019,169,2769,55,89,147,106,220,15,1,178,48109.04,61
Normal,,12/7/2018,1/31/2019,28,2770,5,1,6,34,13,10,1,55,3448.996,11
Normal,Mumbai,1/28/2019,2/13/2019,0,2771,7,,7,61,1,,1,16,1661.517,3
Normal,,,,,2772,,,2,0,1,,,,727.653,0
Normal,Mumbai,11/25/2018,3/16/2019,84,2773,50,10,81,93,143,19,1,111,28784.183,50
Normal,Mumbai,11/25/2018,7/7/2019,197,2775,19,4,23,92,48,1,1,224,12321.647,36
Normal,,,11/15/2018,,2776,7,,11,0,,,,,950.881,4
Normal,Mumbai,12/24/2018,,,2778,,,5,85,123,32,,,26365.146,36
Normal,Mumbai,11/22/2018,11/19/2018,-28,2779,39,10,49,93,62,7,0,-3,10745.099,33
Normal,,1/6/2019,1/15/2019,0,2780,,,1,41,10,,1,9,6188.87,24
Normal,,11/25/2018,12/14/2018,0,2781,,,,44,53,15,1,19,7680.004,17
Normal,,11/23/2018,4/18/2019,141,2782,140,2,143,28,33,3,1,146,7585.762,16
Normal,Mumbai,1/5/2019,5/2/2019,112,2783,93,,92,59,16,11,1,117,6373.341,31
Normal,,,10/30/2018,,2784,,,,0,,,,,378.441,1
Normal,,,11/16/2018,,2785,10,,11,0,1,,,,621.02,0
Normal,,11/23/2018,11/2/2018,-28,2786,108,9,117,22,32,2,0,-21,4551.691,15
Normal,,,12/4/2018,,2787,9,4,13,0,14,3,,,3167.251,10
Normal,,,,,2788,132,4,136,0,24,,,,1988.179,0
Normal,Mumbai,11/22/2018,2/22/2019,84,2789,80,27,107,107,175,10,1,92,20290.659,53
Normal,Mumbai,11/24/2018,11/29/2018,0,2790,12,9,21,70,61,5,1,5,8305.309,24
Normal,,11/27/2018,3/3/2019,84,2791,71,1,103,10,13,,1,96,2865.485,9
Normal,Mumbai,11/22/2018,5/4/2019,141,2792,22,3,26,66,77,6,1,163,12340.12,30
Normal,,,11/14/2018,,2793,,,,1,,2,,,113.645,0
Normal,,,12/25/2018,,2794,40,2,46,0,2,,,,336.655,0
Normal,,1/15/2019,1/20/2019,0,2795,,,2,50,29,13,1,5,8564.822,23
Normal,,11/22/2018,,,2796,2,1,4,59,44,1,,,11928.904,35
Normal,,,11/6/2018,,2797,3,,4,0,,3,,,420.65,0
Normal,,11/29/2018,,,2798,35,3,42,11,12,8,,,6403.585,14
Normal,,12/4/2018,,,2799,79,10,103,12,16,,,,4679.281,12
Normal,,12/10/2018,2/9/2019,56,2800,,,5,63,106,26,1,61,24062.226,24
Normal,,11/23/2018,1/16/2019,28,2801,12,24,41,51,108,10,1,54,26948.747,39
Normal,,,,,2802,1,,1,0,,,,,63.825,0
Normal,,1/26/2019,4/15/2019,56,2803,130,,132,22,1,,1,79,761.732,0
Normal,Delhi,12/16/2018,,,2804,,,,0,6,1,,,473.193,0
Normal,,,11/6/2018,,2805,3,,3,0,,,,,110.267,0
Normal,Mumbai,11/22/2018,1/27/2019,56,2806,138,7,204,81,34,14,1,66,12476.153,53
Normal,,,12/30/2018,,2807,,,1,0,1,,,,293.935,0
Normal,,,2/16/2019,,2810,,,,0,1,,,,81.395,0
Normal,,11/28/2018,1/9/2019,28,2811,,1,1,40,23,2,1,42,5899.125,20
Normal,,1/22/2019,2/1/2019,0,2812,15,,23,61,3,,1,10,3772.435,15
Normal,,,11/20/2018,,2813,13,,14,5,2,,,,411.17,0
Normal,,11/27/2018,2/5/2019,56,2814,,,,34,15,2,1,70,7946.435,24
Normal,,12/5/2018,2/1/2019,56,2817,,,,14,17,1,1,58,2135.547,14
Normal,,12/5/2018,11/20/2018,-28,2818,14,2,35,46,45,5,0,-15,8510.712,24
Normal,,,10/30/2018,,2819,,,,0,,,,,75.249,0
Normal,,,,,2820,17,2,21,10,19,5,,,5229.74,14
Normal,,,11/19/2018,,2821,11,,11,1,7,8,,,1484.365,4
Normal,,12/19/2018,12/20/2018,0,2822,,,,7,8,,1,1,1732.01,5
Normal,Mumbai,12/6/2018,12/4/2018,-28,2823,17,,16,71,23,4,0,-2,8010.575,24
Normal,,11/25/2018,,,2824,96,9,116,0,19,1,,,1467.63,0
Normal,,,10/30/2018,,2825,,,,0,,4,,,1594.788,0
Normal,,,10/31/2018,,2826,,,,0,,,,,89.111,0
Normal,,11/29/2018,12/3/2018,0,2827,52,2,72,62,5,,1,4,2956.947,1
Normal,Mumbai,11/23/2018,12/27/2018,28,2828,10,2,22,60,74,11,1,34,13910.452,58
Normal,Mumbai,11/24/2018,,,2829,1,,1,17,31,3,,,9016.939,20
Normal,Mumbai,11/22/2018,2/13/2019,56,2830,26,24,72,72,165,21,1,83,30709.093,31
Normal,,12/6/2018,,,2831,115,,127,79,87,25,,,19400.835,37
Normal,,12/3/2018,1/27/2019,28,2832,13,3,16,25,17,5,1,55,5849.065,20
Normal,,,,,2833,,,,0,,,,,182.302,0
Normal,,,11/2/2018,,2834,1,,1,1,1,,,,823.389,3
Normal,,,3/13/2019,,2835,94,,99,2,12,,,,4199.284,11
Normal,Mumbai,11/22/2018,2/9/2019,56,2836,,,,64,28,3,1,79,11317.069,29
Normal,Mumbai,11/22/2018,7/17/2019,225,2837,114,11,145,81,80,1,1,237,11936.068,36
Normal,,,,,2841,,,,0,,,,,145.469,0
Normal,,12/31/2018,1/28/2019,0,2842,,,2,73,43,12,1,28,11677.823,26
Normal,,,1/1/2019,,2843,,,,1,4,,,,979.448,3
Normal,,12/29/2018,1/27/2019,28,2844,,,1,47,30,2,1,29,5669.248,15
Normal,,1/5/2019,1/5/2019,0,2845,14,1,15,23,7,3,0,0,1509.636,0
Normal,,1/5/2019,2/6/2019,28,2846,,1,2,35,15,2,1,32,6721.448,12
Normal,,,,,2848,7,,7,0,5,,,,1829.996,8
Normal,,12/29/2018,11/7/2018,-56,2849,,,,19,9,1,0,-52,4729.727,23
Normal,,,11/3/2018,,2850,1,,1,0,6,,,,1215.684,1
Normal,,,12/14/2018,,2851,27,1,33,17,44,17,,,13758.35,16
Normal,,,11/5/2018,,2852,1,,1,0,,,,,233.634,0
Normal,,11/26/2018,1/11/2019,28,2853,63,3,64,12,88,1,1,46,54809.085,22
Normal,Mumbai,11/22/2018,3/4/2019,84,2854,,,,26,49,11,1,102,15530.183,20
Normal,,11/26/2018,12/21/2018,0,2855,35,7,42,1,19,,1,25,4034.697,5
Normal,,,11/2/2018,,2856,,,,6,4,1,,,883.174,0
Normal,Mumbai,12/19/2018,3/23/2019,84,2857,124,,124,69,57,6,1,94,18517.405,31
Normal,,,12/2/2018,,2858,,,,0,,,,,265.967,1
Normal,,,12/16/2018,,2859,,,,0,5,,,,1768.783,8
Normal,Mumbai,12/27/2018,2/22/2019,56,2860,,1,3,71,13,3,1,57,11100.27,24
Normal,,11/23/2018,5/3/2019,141,2861,,,,38,86,4,1,161,28255.473,28
Normal,,,,,2865,,,,3,27,1,,,7493.194,11
Normal,,11/29/2018,2/6/2019,56,2866,9,,17,41,35,4,1,69,10068.004,22
Normal,,,11/27/2018,,2867,1,,2,16,3,3,,,2761.621,4
Normal,,11/27/2018,3/28/2019,112,2870,100,23,123,37,35,3,1,121,7973.24,25
Normal,,,,,2871,,,,0,2,,,,230.958,0
Normal,,,11/2/2018,,2872,,,,0,,,,,323.511,1
Normal,,,1/20/2019,,2874,,,,1,2,2,,,274.651,0
Normal,,,,,2875,1,,2,8,11,3,,,2025.172,0
Normal,,,11/11/2018,,2876,,,,6,5,1,,,2327.791,13
Normal,,11/23/2018,1/16/2019,28,2877,19,9,42,46,38,2,1,54,10069.23,20
Normal,Mumbai,2/11/2019,9/29/2019,225,2878,264,9,311,36,74,10,1,230,13256.36,19
Normal,,,11/27/2018,,2879,,,,0,8,,,,1434.834,3
Normal,,,,,2880,,,,0,,,,,263.395,0
Normal,,,11/22/2018,,2881,13,1,14,7,4,1,,,1008.616,3
Normal,,11/22/2018,1/21/2019,56,2882,25,,26,21,21,10,1,60,5549.295,7
Normal,,,,,2883,43,,57,0,1,1,,,485.169,1
Normal,,12/27/2018,11/2/2018,-56,2884,,,,50,6,,0,-55,2677.832,7
Normal,Mumbai,11/23/2018,,,2885,60,8,83,70,91,5,,,21429.079,35
Normal,,1/2/2019,,,2886,57,,63,1,17,1,,,4547.684,7
Normal,,,,,2887,,,1,0,2,,,,2822.028,39
Normal,,,12/10/2018,,2888,29,1,30,0,1,,,,231.647,1
Normal,,11/28/2018,1/11/2019,28,2889,1,,63,0,4,,1,44,1174.801,2
Normal,,1/27/2019,5/30/2019,112,2890,,,,20,8,,1,123,2113.377,0
Normal,,12/20/2018,2/3/2019,28,2891,47,3,59,60,12,12,1,45,6656.805,20
Normal,,,11/2/2018,,2892,,,,1,,,,,244.236,0
Normal,,12/16/2018,7/3/2019,197,2893,,,3,33,25,2,1,199,7096.629,23
Normal,Mumbai,2/4/2019,2/14/2019,0,2894,4,1,5,37,11,5,1,10,5194.71,15
Normal,,,11/30/2018,,2895,,,,11,5,1,,,1655.228,2
Normal,,12/15/2018,6/10/2019,169,2896,15,1,188,4,3,,1,177,732.145,3
Normal,,,2/25/2019,,2897,,,,0,1,,,,138.856,0
Normal,,12/4/2018,1/2/2019,28,2898,,,,0,6,,1,29,4237.029,12
Normal,,,,,2899,12,,11,0,12,,,,3383.061,12
Normal,,11/27/2018,1/28/2019,56,2900,68,1,75,63,72,4,1,62,15473.073,33
Normal,,,11/16/2018,,2901,,,,0,1,,,,365.32,0
Normal,,,11/22/2018,,2902,12,,14,0,11,1,,,2648.025,14
Normal,,,,,2903,,,,2,3,,,,2177.452,13
Normal,Mumbai,11/22/2018,4/25/2019,141,2904,,,9,113,198,21,1,154,33193.585,45
Normal,Mumbai,11/24/2018,6/13/2019,197,2908,304,32,491,94,152,3,1,201,31409.337,51
Normal,,,11/25/2018,,2910,,,,0,,,,,241.63,1
Normal,,11/26/2018,12/3/2018,0,2913,,,,18,15,8,1,7,3676.895,1
Normal,,,,,2914,,,,0,,,,,281.819,0
Normal,,,11/15/2018,,2916,,,,0,13,,,,1431.091,0
Normal,,,,,2917,18,,19,10,7,4,,,3178.891,14
Normal,Mumbai,12/4/2018,6/19/2019,197,2918,52,1,56,3,8,,1,197,2930.623,15
Normal,,12/8/2018,4/19/2019,112,2919,,,,0,17,,1,132,2614.857,11
Normal,Mumbai,11/30/2018,5/11/2019,141,2920,129,20,150,65,25,,1,162,5713.133,33
Normal,Mumbai,12/1/2018,4/2/2019,112,2921,19,1,31,61,69,4,1,122,14674.423,22
Normal,,11/26/2018,1/26/2019,56,2922,55,14,71,21,31,11,1,61,5121.725,18
Normal,,,,,2923,,,,0,,,,,173.171,0
Normal,,,1/9/2019,,2925,1,,2,0,14,,,,3077.404,7
Normal,,11/27/2018,2/4/2019,56,2926,63,17,80,61,49,8,1,69,12715.817,31
Normal,,11/22/2018,,,2927,1,,1,18,19,6,,,4581.945,1
Normal,,,,,2928,,,,1,2,,,,803.846,3
Normal,,,,,2929,1,,1,0,,,,,284.712,0
Normal,,,11/5/2018,,2930,,,1,0,,1,,,48.622,0
Normal,,11/24/2018,2/24/2019,84,2933,86,5,94,70,45,4,1,92,7943.918,28
Normal,Mumbai,12/5/2018,3/27/2019,84,2935,13,,83,54,44,2,1,112,9167.959,22
Normal,,11/26/2018,11/27/2018,0,2936,2,,2,4,1,,1,1,409.368,0
Normal,Mumbai,12/24/2018,3/11/2019,56,2937,221,,318,83,67,6,1,77,16721.509,46
Normal,Mumbai,11/23/2018,4/4/2019,112,2938,70,28,107,84,85,8,1,132,10442.936,32
Normal,Mumbai,12/13/2018,3/12/2019,84,2939,23,8,54,71,37,7,1,89,8806.747,24
Normal,,,11/17/2018,,2942,10,,10,0,1,,,,450.117,0
Normal,Mumbai,11/26/2018,4/17/2019,141,2944,,,,71,31,2,1,142,7237.242,25
Normal,,11/29/2018,10/14/2019,309,2945,6,3,26,41,81,3,1,319,19622.009,48
Normal,Mumbai,11/22/2018,2/14/2019,56,2946,408,7,580,82,132,10,1,84,32289.501,51
Normal,Mumbai,1/17/2019,1/7/2019,-28,2947,57,1,63,66,18,,0,-10,7128.009,18
Normal,,,11/27/2018,,2949,16,,16,0,3,,,,4987.715,13
Normal,,,12/25/2018,,2950,34,2,43,2,10,,,,1436.622,0
Normal,,,12/4/2018,,2951,,,,0,1,2,,,935.45,0
Normal,,1/5/2019,1/5/2019,0,2952,71,5,77,63,81,16,0,0,30562.755,28
Normal,,,11/24/2018,,2954,,,,2,3,,,,860.047,5
Normal,,,11/22/2018,,2955,12,,13,0,2,,,,173.678,0
Normal,,11/23/2018,2/2/2019,56,2956,71,,72,62,30,2,1,71,4512.249,31
Normal,,,11/9/2018,,2957,2,,2,8,2,,,,2302.842,13
Normal,,,11/15/2018,,2958,6,,6,10,9,1,,,3212.186,14
Normal,,,2/2/2019,,2959,67,,68,2,1,,,,1458.684,5
Normal,Mumbai,11/26/2018,8/3/2019,225,2960,171,4,224,102,81,13,1,250,28079.738,57
Normal,,,12/10/2018,,2961,19,,21,0,,,,,245.779,0
Normal,Mumbai,11/22/2018,3/2/2019,84,2963,22,5,42,83,186,11,1,100,33179.59,42
Normal,,12/18/2018,11/8/2018,-56,2964,12,4,16,35,13,,0,-40,2339.884,4
Normal,,,11/6/2018,,2965,,,,8,,,,,849.722,3
Normal,,1/29/2019,2/2/2019,0,2967,14,1,16,13,5,,1,4,2472.227,5
Normal,,,11/6/2018,,2968,,,,1,,,,,697.1,2
Normal,Mumbai,11/24/2018,8/5/2019,253,2970,3,,10,16,18,1,1,254,9477.846,23
Normal,Mumbai,12/15/2018,5/15/2019,141,2974,,2,2,76,25,,1,151,4740.109,6
Normal,,11/29/2018,,,2976,,,1,38,24,1,,,7934.114,24
Normal,,,11/7/2018,,2977,,,,0,,,,,259.761,1
Normal,,11/29/2018,9/23/2019,281,2978,,,,3,4,1,1,298,444.132,1
Normal,,,11/7/2018,,2981,,,,1,,,,,321.6,1
Normal,,,11/13/2018,,2982,2,,3,9,4,4,,,2070.912,13
Normal,,,,,2983,,,,0,,,,,131.039,0
Normal,,11/23/2018,4/6/2019,112,2988,47,1,63,72,72,32,1,134,15423.874,39
Normal,,11/22/2018,,,2989,45,1,47,34,61,5,,,17591.114,29
Normal,,,3/23/2019,,2990,112,,114,0,1,,,,248.373,0
Normal,,11/22/2018,12/14/2018,0,2991,17,2,22,14,31,5,1,22,7780.313,25
Normal,,11/28/2018,12/6/2018,0,2993,2,,2,14,13,3,1,8,5053.568,15
Normal,,11/27/2018,12/2/2018,0,2994,14,2,16,1,4,,1,5,1085.98,3
Normal,,11/23/2018,2/2/2019,56,2995,59,26,85,6,43,2,1,71,6565.13,6
Normal,,11/28/2018,7/4/2019,197,2997,70,4,190,46,19,2,1,218,4000.297,18
Normal,Mumbai,11/28/2018,2/20/2019,56,2998,16,,23,71,86,20,1,84,26302.863,41
Normal,,,11/9/2018,,3003,,,,1,,1,,,511.127,1
Normal,,,11/16/2018,,3004,1,1,3,17,25,18,,,8106.226,37
Normal,,12/11/2018,6/19/2019,169,3005,163,1,171,29,17,,1,190,5628.426,10
Normal,,,11/9/2018,,3006,,,,0,,,,,,0
Normal,,11/25/2018,,,3007,25,2,175,1,11,,,,579.989,1
Normal,,4/12/2019,7/29/2019,84,3008,,,1,2,12,,1,108,2106.162,5
Normal,,,12/27/2018,,3009,,,,9,10,4,,,3488.496,13
Normal,,,11/10/2018,,3010,,,,0,1,,,,162.88,0
Normal,,,11/21/2018,,3011,,,,0,1,,,,197.001,0
Normal,,,12/5/2018,,3013,,,,1,7,,,,1059.471,4
Normal,,11/23/2018,,,3014,19,,23,6,37,,,,9955.565,24
Normal,,11/23/2018,12/7/2018,0,3015,,,,16,34,5,1,14,6560.253,16
Normal,,1/26/2019,1/27/2019,0,3017,,,,50,4,1,1,1,2258.376,1
Normal,Mumbai,12/14/2018,4/15/2019,112,3018,107,24,134,73,72,8,1,122,13629.788,24
Normal,,,4/21/2019,,3019,,,,2,3,,,,1221.775,3
Normal,,,11/21/2018,,3020,8,,8,5,4,1,,,3196.562,12
Normal,,11/30/2018,12/4/2018,0,3021,18,1,17,2,7,,1,4,2173.617,6
Normal,,,11/11/2018,,3023,,,,1,2,,,,518.622,2
Normal,,12/21/2018,,,3024,13,2,20,11,6,1,,,1124.363,0
Normal,,12/22/2018,12/28/2018,0,3025,32,1,37,2,5,,1,6,933.725,4
Normal,Mumbai,11/23/2018,,,3026,1,,4,109,188,5,,,21885.386,61
Normal,,,6/29/2019,,3027,138,,202,3,3,,,,1436.778,10
Normal,Mumbai,11/23/2018,10/2/2019,309,3028,189,2,293,58,21,3,1,313,12234.466,39
Normal,,,3/4/2019,,3030,42,,103,1,3,,,,784.751,1
Normal,,,12/9/2018,,3031,,,,10,3,,,,542.728,0
Normal,,,1/20/2019,,3032,49,1,50,5,3,1,,,759.239,0
Normal,,11/24/2018,,,3033,,,2,27,35,4,,,10660.453,17
Normal,,,11/23/2018,,3034,9,,9,10,1,,,,1253.983,3
Normal,Mumbai,6/21/2019,12/4/2018,-225,3035,270,2,304,3,13,1,0,-199,5770.155,32
Normal,,11/22/2018,11/23/2018,0,3036,4,2,8,13,14,2,1,1,2878.939,0
Normal,,11/28/2018,11/29/2018,0,3037,,,,5,8,,1,1,4120.747,15
Normal,Mumbai,1/31/2019,9/15/2019,225,3039,103,1,107,21,22,2,1,227,6559.694,24
Normal,,,,,3040,,,,11,3,1,,,1281.698,3
Normal,,,12/14/2018,,3041,25,1,27,2,6,,,,2125.205,9
Normal,,1/8/2019,1/21/2019,0,3042,,,,41,12,2,1,13,6652.172,18
Normal,,12/14/2018,3/21/2019,84,3043,79,16,93,71,30,7,1,97,11959.783,34
Normal,Mumbai,11/24/2018,7/24/2019,225,3044,50,13,64,31,47,6,1,242,9425.655,32
Normal,,11/22/2018,12/24/2018,28,3045,35,2,38,18,19,2,1,32,2501.653,0
Normal,,12/22/2018,1/29/2019,28,3046,,,,1,2,,1,38,1203.103,6
Normal,,11/22/2018,5/7/2019,141,3047,115,6,153,42,39,4,1,166,4648.3,0
Normal,,,11/20/2018,,3051,5,,6,0,,,,,262.973,1
Normal,,12/5/2018,4/8/2019,112,3052,4,,5,0,5,,1,124,1421.361,2
Normal,Mumbai,11/22/2018,2/18/2019,84,3053,17,,21,70,151,32,1,88,41548.333,41
Normal,,11/22/2018,1/28/2019,56,3054,12,1,17,60,78,18,1,67,19143.046,34
Normal,,12/5/2018,6/8/2019,169,3055,138,1,140,17,9,1,1,185,1925.275,5
Normal,,11/23/2018,1/21/2019,56,3056,43,6,49,20,35,3,1,59,5448.892,14
Normal,,11/22/2018,1/2/2019,28,3057,10,3,15,53,53,14,1,41,16686.867,32
Normal,,,,,3061,18,2,20,2,2,,,,771.568,4
Normal,,,11/14/2018,,3062,1,,1,7,1,,,,739.005,0
Normal,Mumbai,11/26/2018,12/21/2018,0,3064,3,1,5,74,154,29,1,25,21000.638,37
Normal,,11/29/2018,11/29/2018,0,3065,,,,11,12,3,0,0,6534.049,14
Normal,,12/3/2018,1/1/2019,28,3066,,,,16,12,,1,29,3281.478,9
Normal,,,11/18/2018,,3068,,,,10,8,1,,,1716.877,3
Normal,Mumbai,12/24/2018,8/18/2019,225,3070,5,2,15,127,324,21,1,237,49951.451,79
Normal,Mumbai,11/23/2018,,,3071,,2,3,69,43,9,,,12753.465,40
Normal,,,11/21/2018,,3072,,,,11,23,5,,,7802.384,14
Normal,,,11/23/2018,,3073,8,,8,0,1,,,,113.536,0
Normal,,11/26/2018,1/20/2019,28,3074,15,1,26,57,37,2,1,55,8381.228,29
Normal,Mumbai,11/23/2018,1/12/2019,28,3075,,,,68,20,,1,50,7149.577,23
Normal,Mumbai,11/22/2018,9/22/2019,281,3079,262,4,366,114,120,12,1,304,29144.534,86
Normal,Mumbai,1/12/2019,2/12/2019,28,3080,80,2,86,30,12,6,1,31,8029.984,29
Normal,,11/23/2018,,,3081,341,10,400,34,39,7,,,12634.394,26
Normal,,12/3/2018,9/6/2019,253,3082,252,,258,0,1,,1,277,143.428,0
Normal,,12/8/2018,1/2/2019,0,3083,,,,21,25,5,1,25,5498.16,4
Normal,,11/22/2018,3/23/2019,112,3084,,,3,40,35,3,1,121,7165.494,17
Normal,Mumbai,11/22/2018,3/25/2019,112,3085,1,,8,47,199,6,1,123,21501.812,34
Normal,Mumbai,11/29/2018,,,3086,99,28,172,85,99,9,,,20750.238,42
Normal,,,11/16/2018,,3087,,,,1,1,4,,,311.165,0
Normal,Mumbai,11/29/2018,2/10/2019,56,3088,41,6,54,69,93,24,1,73,30264.53,34
Normal,,,,,3090,,,,0,8,,,,4813.12,14
Normal,,1/12/2019,1/30/2019,0,3091,3,,3,54,5,,1,18,1783.244,0
Normal,,11/23/2018,12/4/2018,0,3092,3,1,4,17,13,3,1,11,4117.345,16
Normal,,,11/17/2018,,3095,,,,11,6,4,,,5118.123,1
Normal,Mumbai,11/23/2018,12/1/2018,0,3101,,,1,25,31,4,1,8,7661.514,26
Normal,,11/22/2018,1/3/2019,28,3102,22,7,29,41,48,10,1,42,12124.034,26
Normal,,,11/19/2018,,3103,,1,1,5,5,2,,,3092.125,12
Normal,,11/24/2018,,,3104,430,2,448,66,19,2,,,6476.038,36
Normal,,,7/20/2019,,3105,2,,4,4,4,1,,,691.519,0
Normal,Mumbai,11/22/2018,12/4/2018,0,3106,12,3,15,101,51,1,1,12,9921.473,47
Normal,Mumbai,11/21/2018,11/28/2018,0,3107,5,,5,82,29,3,1,7,8721.043,36
Normal,,,12/7/2018,,3108,16,,17,10,7,2,,,4381.429,14
Normal,,11/25/2018,12/1/2018,0,3109,,,,18,6,1,1,6,1418.272,0
Normal,Mumbai,1/4/2019,11/16/2018,-56,3110,1,,1,61,8,,0,-49,4072.971,21
Normal,,,11/26/2018,,3111,,,,11,3,4,,,1889.753,7
Normal,,12/8/2018,11/23/2018,-28,3112,8,1,9,59,33,,0,-15,8312.695,32
Normal,,,1/30/2019,,3113,,1,1,0,3,,,,528.4,1
Normal,Mumbai,2/18/2019,,,3114,,,,0,2,,,,84.45,0
Normal,,,11/20/2018,,3116,,,,1,,,,,309.548,1
Normal,Mumbai,11/22/2018,4/18/2019,141,3117,78,5,87,65,23,,1,147,8231.787,35
Normal,,12/8/2018,,,3118,2,,2,20,12,1,,,1317.938,0
Normal,,12/28/2018,,,3121,,,,4,5,,,,344.48,0
Normal,Mumbai,11/22/2018,5/27/2019,169,3126,451,3,558,24,14,,1,186,990.194,25
Normal,Mumbai,11/22/2018,3/23/2019,112,3127,61,4,67,41,44,,1,121,6743.216,24
Normal,Mumbai,11/22/2018,1/13/2019,28,3128,24,1,28,45,43,,1,52,8166.294,28
Normal,Mumbai,11/22/2018,,,3129,8,,9,39,35,,,,5829.996,21
Normal,,11/22/2018,1/6/2019,28,3135,3,,5,15,21,1,1,45,5754.001,13
Normal,Mumbai,11/22/2018,8/16/2019,253,3137,129,77,207,113,375,31,1,267,61217.924,56
Normal,Mumbai,11/22/2018,1/12/2019,28,3139,37,8,62,82,117,12,1,51,33416.967,42
Normal,,,11/27/2018,,3140,5,,7,1,1,1,,,386.456,0
Normal,,,11/16/2018,,3141,,,1,0,1,,,,411.683,0
Normal,Mumbai,2/14/2019,,,3142,13,2,20,4,2,,,,688.852,4
Normal,,11/22/2018,1/28/2019,56,3144,,,4,65,26,8,1,67,13308.608,34
Normal,,11/25/2018,,,3145,7,,8,2,5,,,,1037.563,2
Normal,Mumbai,11/22/2018,6/3/2019,169,3148,12,5,21,120,236,7,1,193,49078.813,65
Normal,,11/23/2018,,,3149,,,2,21,9,,,,877.773,0
Normal,Mumbai,11/25/2018,12/25/2018,28,3150,21,,29,53,40,15,1,30,13769.391,59
Normal,,,,,3151,10,,9,0,8,,,,1005.127,3
Normal,Mumbai,11/22/2018,5/18/2019,169,3152,3,,8,67,49,11,1,177,8314.669,13
Normal,,2/6/2019,3/26/2019,28,3153,60,3,72,21,11,1,1,48,4902.075,17
Normal,,11/23/2018,11/23/2018,0,3154,5,1,5,11,4,,0,0,708.463,1
Normal,,,1/20/2019,,3156,60,,64,5,,,,,2845.673,13
Normal,,,,,3157,,,,12,1,,,,355.482,0
Normal,,12/3/2018,12/3/2018,0,3158,11,,11,3,5,,0,0,1958.842,8
Normal,,,11/22/2018,,3159,,,,5,8,,,,1669.954,0
Normal,,,11/18/2018,,3160,,,,11,9,2,,,3985.881,14
Normal,Mumbai,12/15/2018,1/12/2019,0,3161,,,,25,6,9,1,28,3516.254,15
Normal,,11/22/2018,3/6/2019,84,3162,6,1,6,52,67,18,1,104,11125.045,17
Normal,,11/24/2018,9/19/2019,281,3163,376,5,388,50,53,10,1,299,9955.605,0
Normal,,11/23/2018,12/2/2018,0,3164,7,1,9,18,23,2,1,9,4045.055,1
Normal,,,11/16/2018,,3165,,,,3,,,,,329.691,1
Normal,,,11/17/2018,,3166,,,,11,6,6,,,2850.415,14
Normal,,,11/17/2018,,3167,,,,10,,,,,402.342,0
Normal,Mumbai,11/22/2018,8/5/2019,253,3168,30,3,47,104,56,,1,256,9368.004,21
Normal,,1/12/2019,1/12/2019,0,3169,1,,2,8,9,,0,0,2096.916,3
Normal,,1/11/2019,1/21/2019,0,3170,3,,5,57,15,19,1,10,4747.013,17
Normal,,11/22/2018,1/17/2019,28,3171,29,,32,39,16,8,1,56,5855.113,19
Normal,Mumbai,11/27/2018,5/10/2019,141,3172,114,10,126,65,51,3,1,164,13622.63,31
Normal,,12/21/2018,,,3173,41,2,176,3,1,,,,580.037,5
Normal,,,,,3174,,,,0,1,,,,324.576,0
Normal,,1/5/2019,,,3175,,,,2,6,,,,750.31,3
Normal,Mumbai,11/23/2018,2/8/2019,56,3176,4,4,8,26,44,4,1,77,6087.324,14
Normal,,11/23/2018,1/3/2019,28,3177,,,,36,21,5,1,41,3677.25,1
Normal,Mumbai,11/23/2018,1/12/2019,28,3178,1,,15,108,37,8,1,50,14108.869,85
Normal,,11/22/2018,1/12/2019,28,3179,3,1,5,34,36,4,1,51,4953.462,15
Normal,,12/17/2018,5/2/2019,112,3180,,,1,24,43,4,1,136,9290.969,16
Normal,Mumbai,11/24/2018,1/12/2019,28,3181,,,,63,3,1,1,49,1917.283,6
Normal,,11/23/2018,1/13/2019,28,3182,21,25,45,49,55,9,1,51,11711.239,35
Normal,,,2/18/2019,,3184,6,,6,11,5,,,,1063.8,2
Normal,,1/8/2019,1/19/2019,0,3185,,,,1,1,,1,11,975.359,6
Normal,Mumbai,11/22/2018,5/15/2019,169,3186,22,,26,19,62,15,1,174,13749.581,22
Normal,Mumbai,11/22/2018,1/12/2019,28,3187,,,,44,19,5,1,51,6998.532,29
Normal,,11/29/2018,,,3188,113,5,118,19,8,3,,,4021.483,11
Normal,,11/23/2018,11/26/2018,0,3189,,,,8,4,,1,3,3272.792,3
Normal,,1/12/2019,1/12/2019,0,3191,2,,2,13,19,11,0,0,6452.141,6
Normal,,12/1/2018,12/1/2018,0,3192,,,,20,12,1,0,0,3641.217,4
Normal,,12/19/2018,1/10/2019,0,3193,,,,3,,,1,22,457.952,1
Normal,Mumbai,11/23/2018,1/15/2019,28,3194,1,1,10,67,82,31,1,53,19624.757,45
Normal,,12/29/2018,1/14/2019,0,3195,21,,21,34,14,5,1,16,4718.208,11
Normal,,,12/21/2018,,3196,30,,30,0,2,,,,213.08,0
Normal,,,11/20/2018,,3197,2,,2,11,2,,,,602.128,2
Normal,,11/23/2018,6/23/2019,197,3198,177,2,174,43,44,1,1,212,9620.493,34
Normal,Mumbai,12/10/2018,5/25/2019,141,3199,,,,7,3,3,1,166,1823.937,7
Normal,Mumbai,11/29/2018,3/16/2019,84,3200,,,,72,68,2,1,107,18110.897,25
Normal,Mumbai,11/24/2018,3/11/2019,84,3201,72,22,95,71,77,10,1,107,14437.062,34
Normal,,11/22/2018,1/26/2019,56,3202,53,,50,59,29,1,1,65,10031.257,29
Normal,Mumbai,12/3/2018,2/26/2019,84,3203,2,1,6,67,38,11,1,85,12343.784,30
Normal,,11/23/2018,11/18/2018,-28,3204,26,8,39,33,70,7,0,-5,12182.723,29
Normal,,12/20/2018,,,3205,,,,4,11,,,,2081.548,9
Normal,,11/23/2018,12/1/2018,0,3206,6,2,9,15,22,3,1,8,4660.504,15
Normal,,11/23/2018,,,3207,24,1,25,16,19,4,,,4993.03,16
Normal,Mumbai,11/23/2018,2/6/2019,56,3208,74,4,83,83,87,6,1,75,14156.585,33
Normal,,11/23/2018,11/28/2018,0,3209,1,,8,13,4,1,1,5,3464.843,15
Normal,,,11/19/2018,,3210,,,,11,2,1,,,719.828,0
Normal,Mumbai,11/23/2018,11/20/2018,-28,3211,16,,11,49,25,,0,-3,3839.921,10
Normal,,,11/18/2018,,3212,,,,11,,,,,630.968,1
Normal,Mumbai,11/26/2018,1/12/2019,28,3213,25,2,28,26,21,6,1,47,5089.438,18
Normal,Mumbai,11/22/2018,1/12/2019,28,3214,2,,4,48,47,2,1,51,15049.561,48
Normal,Mumbai,1/8/2019,2/16/2019,28,3215,2,,3,72,11,5,1,39,10429.216,21
Normal,Mumbai,11/24/2018,8/4/2019,253,3216,25,1,27,22,20,7,1,253,4865.524,19
Normal,Mumbai,11/22/2018,1/4/2019,28,3217,15,1,16,50,55,9,1,43,7926.476,26
Normal,Mumbai,12/18/2018,3/15/2019,84,3218,87,8,99,65,49,8,1,87,9572.391,23
Normal,,11/24/2018,1/8/2019,28,3219,,,,18,15,,1,45,2047.034,1
Normal,Mumbai,11/22/2018,1/12/2019,28,3220,2,8,20,85,61,8,1,51,17226.85,63
Normal,,11/28/2018,,,3221,70,3,76,69,16,12,,,4819.188,20
Normal,,1/12/2019,1/12/2019,0,3222,1,,2,58,10,1,0,0,3606.51,20
Normal,,11/23/2018,11/30/2018,0,3223,,,,3,5,,1,7,1495.92,6
Normal,,,11/19/2018,,3259,,,,0,,,,,77.705,0
Normal,,,12/12/2018,,3234,,,,0,,,,,66.122,0
Normal,,,12/16/2018,,3250,22,,23,0,1,,,,438.123,0
Normal,,,1/11/2019,,3252,33,,41,4,1,,,,198.251,0
Normal,,,,,3228,138,,160,0,2,,,,397.45,1
Normal,,,12/8/2018,,3253,5,,6,1,,,,,388.011,1
Normal,,11/25/2018,,,3225,,,,1,2,,,,344.033,1
Normal,,12/24/2018,,,3235,157,,156,2,3,,,,992.186,3
Normal,,1/4/2019,3/5/2019,56,3254,63,,96,3,6,,1,60,995.201,3
Normal,,,2/17/2019,,3232,,,,4,3,,,,930.362,5
Normal,,,,,3261,,,,3,1,,,,1235.51,6
Normal,,,11/30/2018,,3226,9,,9,4,3,,,,1954.19,13
Normal,,11/22/2018,2/13/2019,56,3243,,,4,34,37,,1,83,6535.683,17
Normal,,11/23/2018,2/21/2019,84,3248,,,,8,3,1,1,90,2193.514,3
Normal,,1/14/2019,2/6/2019,0,3258,1,,1,69,9,1,1,23,8115.079,28
Normal,,,12/8/2018,,3229,16,1,17,13,4,1,,,2300.701,1
Normal,,11/23/2018,12/24/2018,28,3224,25,,31,13,8,2,1,31,5359.421,15
Normal,,11/23/2018,12/22/2018,28,3247,24,1,30,2,8,2,1,29,2634.081,6
Normal,,,11/22/2018,,3239,2,,3,13,8,3,,,3985.389,0
Normal,,,2/6/2019,,3246,,,,13,2,3,,,2145.634,1
Normal,,11/22/2018,2/24/2019,84,3240,7,1,8,62,32,4,1,94,8840.388,27
Normal,,11/22/2018,11/24/2018,0,3230,4,,5,10,13,5,1,2,4375.248,10
Normal,,11/29/2018,1/8/2019,28,3262,18,4,32,39,60,5,1,40,12844.617,28
Normal,,11/23/2018,,,3257,52,2,72,26,18,7,,,7786.825,10
Normal,,11/22/2018,12/3/2018,0,3256,,,,60,47,10,1,11,16118.086,38
Normal,,11/23/2018,,,3244,,,1,15,25,11,,,7911.021,7
Normal,,11/22/2018,11/25/2018,0,3249,8,3,18,26,77,14,1,3,29653.305,8
Normal,,11/22/2018,2/9/2019,56,3231,19,3,23,62,63,19,1,79,8664.87,18
Normal,,11/24/2018,1/15/2019,28,3251,8,1,9,42,103,28,1,52,24132.308,23
Normal,Mumbai,11/22/2018,4/23/2019,141,3233,,,,29,31,,1,152,7483.215,27
Normal,Mumbai,6/22/2019,8/23/2019,56,3242,38,2,138,24,16,,1,62,7736.231,35
Normal,Mumbai,12/3/2018,,,3227,48,3,86,4,19,,,,3628.006,19
Normal,Mumbai,11/24/2018,12/20/2018,0,3236,10,,15,36,21,1,1,26,3428.576,11
Normal,Mumbai,12/10/2018,,,3260,12,2,749,4,21,1,,,2695.403,7
Normal,Mumbai,11/22/2018,2/13/2019,56,3255,,,1,55,36,11,1,83,10619.996,26
Normal,Mumbai,11/26/2018,6/17/2019,197,3241,9,4,20,83,128,32,1,203,20493.392,36
